epoch,time_s,loss,acc,val_loss,val_acc
1,117.68596410751343,0.6627398155136379,0.8236111111111111,0.6441991518857135,0.8331666666666667
